{
  "providers": [
    {
      "file": "minecraft:font/drugscraft/title.png",
      "chars": [
        "\uE000"
      ],
      "height": 192,
      "ascent": 48,
      "type": "bitmap"
    },
	{
      "file": "minecraft:font/drugscraft/info.png",
      "chars": [
        "\uE001"
      ],
      "height": 256,
      "ascent": 7,
      "type": "bitmap"
	},
    {
      "file": "minecraft:font/drugscraft/wiki.png",
      "chars": [
        "\uE002"
      ],
      "height": 11,
      "ascent": 8,
      "type": "bitmap"
	},
    {
      "file": "minecraft:font/drugscraft/discord.png",
      "chars": [
        "\uE003"
      ],
      "height": 10,
      "ascent": 8,
      "type": "bitmap"
	},
	{
      "file": "minecraft:font/drugscraft/euro.png",
      "chars": [
        "\uE004"
      ],
      "height": 10,
      "ascent": 10,
      "type": "bitmap"
	},
	{
      "file": "minecraft:font/drugscraft/rolex.png",
      "chars": [
        "\uE005"
      ],
      "height": 8,
      "ascent": 8,
      "type": "bitmap"
	},
	{
      "file": "minecraft:font/drugscraft/marijuana.png",
      "chars": [
        "\uE007"
      ],
      "height": 8,
      "ascent": 8,
      "type": "bitmap"
	},
    {
      "file": "minecraft:font/roles/founder.png",
      "chars": [
        "\uE010"
      ],
      "height": 11,
      "ascent": 9,
      "type": "bitmap"
	},  
	{
      "file": "minecraft:font/roles/co-founder.png",
      "chars": [
        "\uE011"
      ],
      "height": 11,
      "ascent": 9,
      "type": "bitmap"
	},	
	{
      "file": "minecraft:font/roles/helper.png",
      "chars": [
        "\uE012"
      ],
      "height": 11,
      "ascent": 9,
      "type": "bitmap"
	},
	{
      "file": "minecraft:font/roles/test-puppet.png",
      "chars": [
        "\uE013"
      ],
      "height": 11,
      "ascent": 9,
      "type": "bitmap"
	},
	{
      "file": "minecraft:font/roles/vip.png",
      "chars": [
        "\uE014"
      ],
      "height": 11,
      "ascent": 9,
      "type": "bitmap"
	},
	{
      "file": "minecraft:font/roles/builder.png",
      "chars": [
        "\uE016"
      ],
      "height": 11,
      "ascent": 9,
      "type": "bitmap"
	},
	{
      "file": "minecraft:font/roles/membro.png",
      "chars": [
        "\uE017"
      ],
      "height": 11,
      "ascent": 9,
      "type": "bitmap"
	},
	{
      "file": "minecraft:font/interactions/click.png",
      "chars": [
        "\uE018"
      ],
      "height": 10,
      "ascent": 9,
      "type": "bitmap"
	},
	{	
      "file": "minecraft:font/interactions/click-1.png",
      "chars": [
        "\uE019"
      ],
      "height": 10,
      "ascent": 9,
      "type": "bitmap"
	},
	{
      "file": "minecraft:font/interactions/click-2.png",
      "chars": [
        "\uE020"
      ],
      "height": 10,
      "ascent": 9,
      "type": "bitmap"
	},
  {
    "file": "minecraft:font/drugscraft/mondo.png",
    "chars": [
      "\uE021"
    ],
    "height": 10,
    "ascent": 9,
    "type": "bitmap"
  }
  ]
}
