{
  "parent": "item/generated",
   "textures": {
   "layer0": "item/paper"
  },
	"overrides": [
    {"predicate": {"custom_model_data":441}, "model": "item/custom/17"},
    {"predicate": {"custom_model_data":448}, "model": "item/custom/39"},
    {"predicate": {"custom_model_data":449}, "model": "item/custom/38"},
    {"predicate": {"custom_model_data":458}, "model": "item/custom/14"},
    {"predicate": {"custom_model_data":467}, "model": "item/custom/21"},
    {"predicate": {"custom_model_data":468}, "model": "item/custom/6"}
  ]
}