{
  "parent": "item/generated",
  "textures": {
    "layer0": "item/sugar"
  },
  "overrides": [
    {"predicate": {"custom_model_data": 440}, "model": "item/custom/18"},
    {"predicate": {"custom_model_data": 443}, "model": "item/custom/25"},
    {"predicate": {"custom_model_data": 459}, "model": "item/custom/24"},
    {"predicate": {"custom_model_data": 460}, "model": "item/custom/10"},
    {"predicate": {"custom_model_data": 461}, "model": "item/custom/15"},
    {"predicate": {"custom_model_data": 463}, "model": "item/custom/37"},
    {"predicate": {"custom_model_data": 465}, "model": "item/custom/1"}
  ]
}